{
  "project_info": {
    "project_number": "806284555980",
    "project_id": "tube-light-7bf1b",
    "storage_bucket": "tube-light-7bf1b.appspot.com"
  },
  "client": [
    {
      "client_info": {
        "mobilesdk_app_id": "1:806284555980:android:a64ad75ad3fb7b1c2b7469",
        "android_client_info": {
          "package_name": "com.example.application2"
        }
      },
      "oauth_client": [
        {
          "client_id": "806284555980-2k3ohsve5mo1m5lp9jb07bve6b60u7cu.apps.googleusercontent.com",
          "client_type": 3
        }
      ],
      "api_key": [
        {
          "current_key": "AIzaSyArjwujFKvZl6PbTIDUvsiUuLBLwnAmg74"
        }
      ],
      "services": {
        "appinvite_service": {
          "other_platform_oauth_client": [
            {
              "client_id": "806284555980-2k3ohsve5mo1m5lp9jb07bve6b60u7cu.apps.googleusercontent.com",
              "client_type": 3
            }
          ]
        }
      }
    }
  ],
  "configuration_version": "1"
}